"Response ID","Date submitted","Last page","Start language","Seed","Have you acknowledged the information above and wish to continue the study?","In broad terms, what is your task?","{if(is_empty(check),rand(1,2),check)}","Please paste your Prolific ID here:","Please select your gender.","Please enter your age.","Please enter your current occupation title. If you are unemployed, please enter the title of your last occupation.","Please enter the amount of experience you have in your current occupation (or, if unemployed, your last occupation) in YEARS.","On a scale from 1 (= very low) to 5 (=very high), how would you rate your affinity with technology?","Have you ever worked with crisis maps or GIS (geographic information systems) before?   If so, which ones have you used?  Please enter their names into the comment field. ","Have you ever worked with crisis maps or GIS (geographic information systems) before?   If so, which ones have you used?  Please enter their names into the comment field.  [Comment]","Have you ever worked during an emergency such as a storm surge, hurricane or terrorist attack? If so, please briefly describe your experience below.      If you have no such experience, you may leave the input field blank. ","You will be able to proceed after 60 seconds. Please take this time to familiarize yourself with the application. You may take longer than 60 seconds if you wish.  You may navigate through different map views using the navigation on the LEFT side. It can be opened by moving the mouse to the left side of the screen or by clicking the menu button (≡) in the top left corner. At the top of the navigation you can see a ""MyView"" feature which allows you to display information from the other maps in one. You can select which maps you wish to see through the search bar on the right.    Map views can be interacted with through the map itself or the sidebar on the RIGHT side of the screen.    Please keep the link open for the entire duration of the study. ","You will be able to proceed after 60 seconds. Please take this time to familiarize yourself with the application. You may take longer than 60 seconds if you wish.   You may navigate through different map views using the navigation on the LEFT side. It can be opened by moving the mouse to the left side of the screen or by clicking the menu button (≡) in the top left corner.  Map views can be interacted with through the map itself or the sidebar on the RIGHT side of the screen.    Please keep the link open for the entire duration of the study. ","Please complete the following tasks using the application.   The tasks are kept intentionally vague. The exact location and details of events are irrelevant - focus on the task at hand. You will have 3min to complete each task.     You may be asked to upload a screenshot at some point. Please make sure you are capable of taking and uploading screenshots.If no input (e.g. ticking a radio button) has been made in those three minutes, the task will count as not completed.  ","There is currently an evacuation going on somewhere in Hamburg. The chief of police needs to know where!  When asked for details, she provides you with the name of the evacuation incident: ""Castle on Fire!"".     On the map below, pinpoint where this incident is taking place. Your selection is valid as long as the coordinates are roughly within those of the evacuation zone. ","On a scale from 1 (=""very easy"") to 5 (=""very difficult""), how difficult did you find the task?","Do you have any feedback regarding this task? (optional)","Your department receives an urgent call: A part of the riverbank has been flooded! Create one incident of category ""flooding"" affecting an ""area"" anywhere on the map. Set its priority to “Low” and its status to ""Units requested"".Please upload a screenshot of your newly created incident with the pop-up opened and sidebar visible.","filecount - Your department receives an urgent call: A part of the riverbank has been flooded! Create one incident of category ""flooding"" affecting an ""area"" anywhere on the map. Set its priority to “Low” and its status to ""Units requested"".Please upload a screenshot of your newly created incident with the pop-up opened and sidebar visible.","On a scale from 1 (=""very easy"") to 5 (=""very difficult""), how difficult did you find the task?","Do you have any feedback regarding this task? (optional)","Emergency at Polder 07! The public needs to be informed about the water rescue points in the vicinity.  In the number input field below, enter the amount of Water rescue points at the border of Polder 07 (Hohe Schaar). You will have to count them manually. ","On a scale from 1 (=""very easy"") to 5 (=""very difficult""), how difficult did you find the task?","Do you have any feedback regarding this task? (optional)","You pick up another call: A team from the HPA (Hamburg Port Authority) notifies you that Polder 73 is currently being secured and all gates are open. Set Polder 73 to the status “in progress” and all of its gates to “open”.     Which colour does Polder 73 have now? ","On a scale from 1 (=""very easy"") to 5 (=""very difficult""), how difficult did you find the task?","Do you have any feedback regarding this task? (optional)","Your colleague tells you that he needs an overview of all professional fire stations, quick!  Count the number of professional fire stations in Hamburg. This does NOT include volunteer fire stations.  Please note that the map only includes fire stations within Hamburg. There is no need to check whether a station is within city bounds - every professional fire station you see should be counted! ","On a scale from 1 (=""very easy"") to 5 (=""very difficult""), how difficult did you find the task?","Do you have any feedback regarding this task? (optional)","Your boss asks you to identify a passenger ship called ""MS Helenaria"".   Please enter its MMSI number below.    ","What is the highest number of ships you were able to see on the map at any time?","On a scale from 1 (=""very easy"") to 5 (=""very difficult""), how difficult did you find the task?","Do you have any feedback regarding this task? (optional)","To what extent did you feel that the application enabled you to complete your tasks effectively? 1 = ""Not effectively"", 5 = ""Very effectively""","Did you use the MyView feature?","If yes: How helpful was MyView for completing your tasks?","If you did use MyView, how much do you feel did it help to reduce visual clutter on the map? Visual clutter occurs when there's too much information on the map at once (too many layers, data points, polygons...) and it becomes harder to use.","This is an attention check. Please select 1.","Can you think of any other layers or types of information which would have helped you in the execution of the tasks? (optional)","Please answer the questions below truthfully.  [I think that I would like to use this system frequently.]","Please answer the questions below truthfully.  [I found the system unnecessarily complex.]","Please answer the questions below truthfully.  [I thought the system was easy to use.]","Please answer the questions below truthfully.  [I think that I would need the support of a technical person to be able to use this system.]","Please answer the questions below truthfully.  [I found the various functions in this system were well integrated.]","Please answer the questions below truthfully.  [I thought there was too much inconsistency in this system.]","Please answer the questions below truthfully.  [I would imagine that most people would learn to use this system very quickly.]","Please answer the questions below truthfully.  [I found the system very cumbersome to use.]","Please answer the questions below truthfully.  [I felt very confident using the system.]","Please answer the questions below truthfully.  [I needed to learn a lot of things before I could get going with this system.]","Please answer the questions below truthfully. 1 indicates ""very little"", 10 indicates ""very high"". [How mentally demanding was the task?]","Please answer the questions below truthfully. 1 indicates ""very little"", 10 indicates ""very high"". [How physically demanding was the task?]","Please answer the questions below truthfully. 1 indicates ""very little"", 10 indicates ""very high"". [How hurried or rushed was the pace of the task?]","Please answer the questions below truthfully. 1 indicates ""very little"", 10 indicates ""very high"". [How successful were you in accomplishing what you were asked to do?]","Please answer the questions below truthfully. 1 indicates ""very little"", 10 indicates ""very high"". [Please select ""1"".]","Please answer the questions below truthfully. 1 indicates ""very little"", 10 indicates ""very high"". [How hard did you have to work to accomplish your level of performance?]","Please answer the questions below truthfully. 1 indicates ""very little"", 10 indicates ""very high"". [How insecure, discouraged, irritated, stressed, and annoyed were you?]","Do you have any suggestions for improving the application? If so, please enter them in the text field below. (optional)","Can you think of any other kinds of layer information you deem helpful? If so, please enter below. (optional)","Did you encounter any issues or difficulties during the study? Please enter them below. (optional)","Total time","Group time: Data protection form","Question time: G01Q42","Group time: Step 1: Introduction to RESCUE MATE","Question time: G01Q01","Question time: check","Group time: Step 2: Demographics","Question time: G04Q11","Question time: G04Q12","Question time: G04Q13","Group time: Step 3: Professional Background","Question time: G05Q14","Question time: G05Q15","Question time: G05Q16","Question time: G05Q17","Question time: G51Q18","Group time: Step 4: Link to Application (MV)","Question time: G02Q24Copy","Group time: Step 4: Link to Application (R)","Question time: G02Q24","Group time: Get ready for you tasks!","Question time: G01Q28","Group time: Step 5: Task 6","Question time: G15Q32","Question time: G07Q31CCopy","Question time: G07Q32CCopy","Group time: Step 5: Task 5","Question time: G13Q30","Question time: G07Q31C","Question time: G07Q32C","Group time: Step 5: Task 4","Question time: G14Q31","Question time: G07Q31CopyCopyCopy","Question time: G07Q32CopyCopyCopy","Group time: Step 5: Task 3","Question time: G12Q29","Question time: G07Q31CopyCopy","Question time: G07Q32CopyCopy","Group time: Step 5: Task 2","Question time: G11Q28","Question time: G07Q31","Question time: G07Q32","Group time: Step 5: Task 1","Question time: G10Q27","Question time: G08Q44","Question time: G07Q31Copy","Question time: G07Q32Copy","Group time: Step 6: Task Questions","Question time: G14Q22","Question time: G14Q23","Question time: G14Q24","Question time: G11Q27","Question time: G11Q26","Question time: G11Q25","Group time: Step 7: Usability","Question time: G09Q26","Group time: Step 8: Workload","Question time: G09Q35","Group time: Step 9: Feedback","Question time: G09Q01","Question time: G09Q02","Question time: G09Q03"
"2","1980-01-01 00:00:00","17","en","159396906","Yes, I wish to continue.","I have to use the RESCUE MATE application to complete tasks.","2","697babc50cd42f81edf45acc","Female","25","risk and fraud operator","5","3","Yes, occasionally.","google maps","","","","","53.5344;10.13242","1 - very easy","","[{ ""title"":""flooding"",""comment"":"""",""size"":""610.8681640625"",""name"":""flooding.png"",""filename"":""fu_3t95wsdhc6pqsqn"",""ext"":""png"" }]","1","2","","7","5 - very difficult","Unfortunately I could not find it. Sorry","I completed the task but don't know the colour (...e.g. because I am colour blind).","3","","18","3","","09091999","More than three ships.","5 - very difficult","It was hard to select the ship. Even when I put its name, it was unselected and more ships were shown","4","Yes, I used it.","5 - very helpful","4","1","I think the zoom in and out should not be too sensitive","5 - Strongly Agree","2 - Disagree","3 - Not Sure","3 - Not Sure","4 - Agree","2 - Disagree","3 - Not Sure","3 - Not Sure","3 - Not Sure","1 - Strongly Disagree","5","1 - very little","5","8","1 - very little","5","3","I think that the zoom in and out should not be too sensitive","You could put the traffic info","","1270.05","6.52","","70.86","","","11.03","","","","73.19","","","","","","175.45","","","","31.95","","121.38","","","","160.71","","","","152.69","","","","26.64","","","","66.6","","","","171.24","","","","","73.88","","","","","","","42.96","","43.34","","41.61","","",""
"3","1980-01-01 00:00:00","17","en","1575129942","Yes, I wish to continue.","I have to use the RESCUE MATE application to complete tasks.","1","69733a04455247c7dc474a8f","Male","25","customer service","1","4","No, I have not.","","","","","","53.48722;10.20807","2","","[{ ""title"":""incident"",""comment"":"""",""size"":""2523.9755859375"",""name"":""incident.png"",""filename"":""fu_sq6g8ysj93jhcq9"",""ext"":""png"" }]","1","4","","3","5 - very difficult","","Yellow","2","","18","1 - very easy","","09091999","Three ships.","2","","4","","","","1","","3 - Not Sure","2 - Disagree","3 - Not Sure","2 - Disagree","4 - Agree","2 - Disagree","4 - Agree","2 - Disagree","3 - Not Sure","3 - Not Sure","4","1 - very little","4","8","1 - very little","3","4","bigger font","","no issues","3929.09","3.91","","975.3","","","27.67","","","","1711.64","","","","","","","","78.07","","16.4","","123.74","","","","507.56","","","","94.73","","","","123.79","","","","54.79","","","","120.86","","","","","10.96","","","","","","","29.48","","26.67","","23.52","","",""
"5","1980-01-01 00:00:00","17","en","817479212","Yes, I wish to continue.","I have to use the RESCUE MATE application to complete tasks.","2","698087b7749205156fad2839","Male","20","head nurse","3","4","Yes, extensively.","Yes, i have used GIS tools including Google Maps, QGIS, ArcGIS and other basic mapping applications or navigation analysis.","It was a strong thunderstorm, I was verry worried and went home.","","","","53.48627;10.19922","3","","[{ ""title"":"""",""comment"":"""",""size"":""241.1220703125"",""name"":""WhatsApp-Image-2026-03-18-at-8.49.28-PM.jpeg"",""filename"":""fu_kbsin73xw2atube"",""ext"":""jpeg"" }]","1","4","","5","5 - very difficult","","Yellow","3","","20","3","","09091999","More than three ships.","4","","3","Yes, I used it.","5 - very helpful","5 - very helpful","1","","5 - Strongly Agree","2 - Disagree","2 - Disagree","3 - Not Sure","4 - Agree","1 - Strongly Disagree","4 - Agree","4 - Agree","3 - Not Sure","5 - Strongly Agree","5","3","10 - very much","10 - very much","1 - very little","8","10 - very much","","","","4386.17","44.99","","112.06","","","17.95","","","","477.3","","","","","","393.68","","","","958.6","","170.65","","","","1265.95","","","","221.46","","","","150.25","","","","168.21","","","","227.94","","","","","50.05","","","","","","","77.24","","44.66","","5.18","","",""
"6","1980-01-01 00:00:00","17","en","557074029","Yes, I wish to continue.","I have to use the RESCUE MATE application to complete tasks.","1","69adc6b60239ce9ed0b99488","Male","42","Border Customs","1","5","No, I have not.","","","","","","53.4895;10.21153","2","","[{ ""title"":"""",""comment"":"""",""size"":""1262.6064453125"",""name"":""Captura-de-pantalla-2026-03-18-a-las-19.03.50.png"",""filename"":""fu_bvdmpwkjp68fk52"",""ext"":""png"" }]","1","5 - very difficult","","3","5 - very difficult","","Yellow","1 - very easy","","19","2","","09091999","Three ships.","3","","4","","","","1","","3 - Not Sure","2 - Disagree","4 - Agree","1 - Strongly Disagree","4 - Agree","1 - Strongly Disagree","3 - Not Sure","2 - Disagree","2 - Disagree","1 - Strongly Disagree","3","1 - very little","4","5","1 - very little","3","2","","","Making an incident. The app made a different area as mine.","1518.48","54","","151.06","","","39.82","","","","76.69","","","","","","","","156.5","","35.99","","112.06","","","","270.47","","","","156.08","","","","67.67","","","","87.6","","","","104.27","","","","","22.36","","","","","","","57.38","","49.12","","77.41","","",""
"7","1980-01-01 00:00:00","17","en","729317953","Yes, I wish to continue.","I have to use the RESCUE MATE application to complete tasks.","2","67da5ae29f57419143d2b99a","Female","60","Nurse","39","4","No, I have not.","","I coordinated the transition to remote operations. My focus was on ensuring that my team was safe and maintaining essential communication with all other relevant departments.","","","","","5 - very difficult","Could not find the place.","[{ ""title"":""Flooding"",""comment"":"""",""size"":""886.4599609375"",""name"":""flooding.png"",""filename"":""fu_ajm4kb6tnr928n8"",""ext"":""png"" }]","1","2","","3","5 - very difficult","Could not find the rescue points.","Blue","3","There are 2 colors, I am unsure.","19","1 - very easy","No.","09091999","Three ships.","3","It was a little challenging but manageable.","4","Yes, I used it.","5 - very helpful","5 - very helpful","1","Most of the information was already presented.","4 - Agree","2 - Disagree","4 - Agree","2 - Disagree","5 - Strongly Agree","1 - Strongly Disagree","5 - Strongly Agree","2 - Disagree","4 - Agree","4 - Agree","6","2","4","8","1 - very little","4","3","","","","3058.47","456.61","","110.93","","","17.2","","","","539.63","","","","","","218.45","","","","28.61","","291.56","","","","285.75","","","","260.89","","","","201.25","","","","185.97","","","","186.82","","","","","42.79","","","","","","","181.35","","33.44","","17.22","","",""
"8","1980-01-01 00:00:00","17","en","1854058448","Yes, I wish to continue.","I have to use the RESCUE MATE application to complete tasks.","2","697caea4641fb84f89fd2cd9","Male","26","Freelancer","3","5","Yes, extensively.","ArcGIS and QGIS","","","","","","3","The took so long to load therefore I was not able to do the task on time.","[{ ""title"":""Dummy task 5"",""comment"":""NA"",""size"":""1927.1884765625"",""name"":""Screenshot-2026-03-18-at-11.54.35 PM.png"",""filename"":""fu_4s526ybi9zkbqxa"",""ext"":""png"" }]","1","3","The task was easy but needed some familiarity with the web application. Therefore a rating of 3. Otherwise it was easy.","3","1 - very easy","No","Yellow","1 - very easy","NA","18","1 - very easy","NA","09091999","More than three ships.","1 - very easy","NA","4","Yes, I used it.","5 - very helpful","5 - very helpful","1","No","5 - Strongly Agree","2 - Disagree","5 - Strongly Agree","2 - Disagree","4 - Agree","2 - Disagree","5 - Strongly Agree","2 - Disagree","4 - Agree","2 - Disagree","7","5","8","9","1 - very little","7","3","","","During the last task, the map took time to load and I was not able to view the locations clearly, I also struggled and find myself little confused to perform last task. ","2951.84","39.3","","170.18","","","25.92","","","","93.51","","","","","","1004.21","","","","56.48","","219.79","","","","646.87","","","","81.59","","","","97.27","","","","111.81","","","","84.61","","","","","74.3","","","","","","","93.11","","47.88","","105.01","","",""
"11","1980-01-01 00:00:00","17","en","309940709","Yes, I wish to continue.","I have to use the RESCUE MATE application to complete tasks.","1","69312ba1d943a5826b2cbcaf","Female","41","Bankkauffrau","22","3","No, I have not.","","","","","","","5 - very difficult","ich habe es nun gefunden. Es liegt bei Bergedorf","[{ ""title"":"""",""comment"":"""",""size"":""936.0869140625"",""name"":""Screenshot-2026-03-18-192715.png"",""filename"":""fu_mh8xwxrndpr63ew"",""ext"":""png"" }]","1","4","","3","3","","Yellow","3","","17","3","","09091999","More than three ships.","3","mit Übung wird es immer einfacher","2","","","","1","","2 - Disagree","4 - Agree","2 - Disagree","2 - Disagree","3 - Not Sure","4 - Agree","3 - Not Sure","4 - Agree","2 - Disagree","4 - Agree","8","2","7","5","1 - very little","8","7","","","","2194.82","17.29","","157.17","","","23.43","","","","132.06","","","","","","","","452.39","","285.94","","248.7","","","","211.8","","","","91.97","","","","105.06","","","","128.7","","","","171.19","","","","","23.99","","","","","","","68.44","","63.33","","13.36","","",""
"12","1980-01-01 00:00:00","17","en","599272051","Yes, I wish to continue.","I have to use the RESCUE MATE application to complete tasks.","1","6980c0e494760464bbe94eb4","Male","26","physiotherpist","4","5","Yes, occasionally.","I have worked with GIS tools such as Google Maps, QGIS, and other map-based visualization tools for basic spatial analysis and navigation tasks.","I have not worked directly in a major emergency such as a storm surge or terrorist attack, but I have experience handling time-sensitive situations and coordinating tasks under pressure.","","","","53.50051;10.03601","5 - very difficult","","[{ ""title"":""Incident"",""comment"":"""",""size"":""1951.34765625"",""name"":""MAP.png"",""filename"":""fu_hmeifu2i6tna3cg"",""ext"":""png"" }]","1","4","","14","3","","I did not complete the task.","5 - very difficult","","1","3","","I could not identify it.","I never saw any ship icon anywhere at all.","5 - very difficult","I could not find any visible ship layer or ship icons, so it was unclear how to identify the vessel and its MMSI number. The task instructions were understandable, but the relevant map information was hard to access.","1","","","","1","","4 - Agree","4 - Agree","4 - Agree","3 - Not Sure","4 - Agree","3 - Not Sure","3 - Not Sure","3 - Not Sure","3 - Not Sure","4 - Agree","6","9","5","4","1 - very little","10 - very much","7","","","","2356.16","72.57","","44.65","","","44.69","","","","173.57","","","","","","","","243.26","","100.42","","186.45","","","","648.55","","","","161.72","","","","179.45","","","","175.97","","","","163.15","","","","","26.79","","","","","","","93.69","","34.05","","7.18","","",""
"13","1980-01-01 00:00:00","17","en","707341777","Yes, I wish to continue.","I have to use the RESCUE MATE application to complete tasks.","2","693bb2bafd964eb701477cec","Male","33","senior software developer","10","4","Yes, occasionally.","ArcGIS, QGIS","I assisted in coordinating evacuations and aid delivery during a major flood in 2024.","","","","","5 - very difficult","didn't catch there's a time limit for this one","[{ ""title"":""task"",""comment"":"""",""size"":""2247.3310546875"",""name"":""task.png"",""filename"":""fu_66irv43jnv2em3v"",""ext"":""png"" }]","1","3","","3","3","","Yellow","4","","18","2","","09091999","More than three ships.","3","","4","I don't know what that is.","I did not use MyView.","I did not use MyView.","1","","4 - Agree","3 - Not Sure","3 - Not Sure","2 - Disagree","4 - Agree","3 - Not Sure","2 - Disagree","2 - Disagree","3 - Not Sure","4 - Agree","6","6","7","7","1 - very little","8","7","","","","2527.56","29.15","","143.54","","","16.56","","","","301.19","","","","","","389.03","","","","77.47","","230.78","","","","644.33","","","","67.66","","","","153.07","","","","65.12","","","","125.31","","","","","73.72","","","","","","","81.34","","98.57","","30.72","","",""
"14","1980-01-01 00:00:00","17","en","916254252","Yes, I wish to continue.","I have to use the RESCUE MATE application to complete tasks.","2","5c4f9227af9f500001be902e","Female","45","Team Leader","19","4","No, I have not.","","","","","","53.48739;10.20583","1 - very easy","","[{ ""title"":"""",""comment"":"""",""size"":""654.556640625"",""name"":""Untitled.jpg"",""filename"":""fu_na35rdgi2239jki"",""ext"":""jpg"" }]","1","1 - very easy","","2","5 - very difficult","It's not clear what the water points are.","Yellow","1 - very easy","","15","1 - very easy","","5c4f9227af9f500001be902e","More than three ships.","1 - very easy","","5","Yes, I used it.","5 - very helpful","5 - very helpful","1","No, I think it's sufficient what is there.","5 - Strongly Agree","1 - Strongly Disagree","4 - Agree","2 - Disagree","5 - Strongly Agree","1 - Strongly Disagree","5 - Strongly Agree","2 - Disagree","5 - Strongly Agree","1 - Strongly Disagree","3","1 - very little","4","10 - very much","1 - very little","5","1 - very little","No, it's very easy to use.","","No difficulties.","1426.91","15.77","","60","","","29.98","","","","31.71","","","","","","112.83","","","","14.13","","283.04","","","","405.25","","","","126.8","","","","50.92","","","","55.99","","","","90.36","","","","","71.21","","","","","","","28.85","","28.58","","21.49","","",""
"16","1980-01-01 00:00:00","17","en","1479109323","Yes, I wish to continue.","I have to use the RESCUE MATE application to complete tasks.","2","6650a67dbae2a95182ef8c9f","Male","26","EMT Basic","4","3","No, I have not.","","Yes","","","","53.59478;9.88804","5 - very difficult","","[{ ""title"":"""",""comment"":"""",""size"":""1021.8076171875"",""name"":""Screenshot-2026-03-19-12.15.35-PM.png"",""filename"":""fu_kiyfhgev9eiphmx"",""ext"":""png"" }]","1","4","There's no pinpoint showing where the area of flooding is","3","1 - very easy","","Yellow","1 - very easy","","19","2","","09091999","More than three ships.","3","","4","Yes, I used it.","4","4","1","","4 - Agree","2 - Disagree","4 - Agree","3 - Not Sure","4 - Agree","2 - Disagree","4 - Agree","2 - Disagree","4 - Agree","4 - Agree","8","1 - very little","7","7","1 - very little","3","4","","","","1288.23","7.96","","75.73","","","26.13","","","","56.55","","","","","","80.76","","","","30.93","","189.18","","","","416.39","","","","32.43","","","","100.21","","","","68.89","","","","114.91","","","","","20.05","","","","","","","23.88","","38.96","","5.27","","",""
"17","1980-01-01 00:00:00","17","en","1193347962","Yes, I wish to continue.","I have to use the RESCUE MATE application to complete tasks.","1","693407307f784b234604c379","Male","25","Physician","1.5","3","No, I have not.","","","","","","","3","I was able to find in on the application but managing the map on this site was a bit difficult","[{ ""title"":""Task5"",""comment"":"""",""size"":""4552.275390625"",""name"":""Pasted-Graphic-1.png"",""filename"":""fu_gmkwhuzdebuvrq2"",""ext"":""png"" }]","1","3","","","5 - very difficult","I wasnt able to find on how I can open both the Polder 07 and the water rescue points","Yellow","2","","19","2","","09091999","More than three ships.","3","","4","","","","1","Not, really I thought the application was very efficient in its design and usability. ","4 - Agree","2 - Disagree","4 - Agree","2 - Disagree","4 - Agree","2 - Disagree","4 - Agree","2 - Disagree","4 - Agree","2 - Disagree","5","1 - very little","6","6","1 - very little","4","3","Not really I did like the application a lot. ","","I didnt have any issues other than managing the app on the survey site","1727.66","29.38","","77.57","","","10.37","","","","36.47","","","","","","","","214.58","","159.41","","241.77","","","","266.01","","","","289.5","","","","67.81","","","","63.07","","","","129.61","","","","","40.25","","","","","","","35.94","","27.08","","38.84","","",""
"18","1980-01-01 00:00:00","17","en","710556666","Yes, I wish to continue.","I have to use the RESCUE MATE application to complete tasks.","2","5fea2b5ebd6f23a036123648","Male","61","lessons learned manager","15","4","Yes, occasionally.","","I took part in evacuation operation during an earthquake in Turkey","","","","53.44866;9.72826","3","","[{ ""title"":""here what I created and saved on the system"",""comment"":"""",""size"":""357.703125"",""name"":""Screenshot-2026-03-19-173554.png"",""filename"":""fu_pw8tpdpnxifivsc"",""ext"":""png"" }]","1","3","","3","1 - very easy","","Green","1 - very easy","","18","1 - very easy","nope","09091999","More than three ships.","3","nope","4","Yes, I used it.","3","4","1","","3 - Not Sure","2 - Disagree","4 - Agree","3 - Not Sure","4 - Agree","2 - Disagree","4 - Agree","2 - Disagree","3 - Not Sure","3 - Not Sure","5","6","7","6","1 - very little","6","5","I should have spent more time at beginning playing with the mao and its features","nope","as I said I do believe more time is required at beginning to get used to it","1827.6","15.22","","95.28","","","22.88","","","","176.64","","","","","","255.19","","","","70.94","","164.96","","","","218.45","","","","138.14","","","","136.54","","","","124.38","","","","185.33","","","","","46.66","","","","","","","52.14","","32.9","","91.95","","",""
"20","1980-01-01 00:00:00","17","en","1155009082","Yes, I wish to continue.","I have to use the RESCUE MATE application to complete tasks.","2","610c3cefa023b67a5984feb6","Male","24","Military","2","4","No, I have not.","","","","","","53.48584;10.20636","2","","[{ ""title"":"""",""comment"":"""",""size"":""1471.3212890625"",""name"":""imagem-2026-03-19-163134872.png"",""filename"":""fu_t2hawzjqd9mvneb"",""ext"":""png"" }]","1","2","","4","4","","Green","3","","19","3","","09091999","More than three ships.","2","","5","No, I did not use it.","I did not use MyView.","I did not use MyView.","1","","4 - Agree","1 - Strongly Disagree","5 - Strongly Agree","1 - Strongly Disagree","4 - Agree","2 - Disagree","4 - Agree","2 - Disagree","5 - Strongly Agree","2 - Disagree","4","2","6","9","1 - very little","4","2","","","","1115.99","7.7","","65.65","","","50.08","","","","50.67","","","","","","193","","","","24.77","","83.87","","","","133.23","","","","146.49","","","","80.79","","","","72.64","","","","47.72","","","","","32.85","","","","","","","70.93","","48.26","","7.34","","",""
"24","1980-01-01 00:00:00","17","en","331585893","Yes, I wish to continue.","I have to use the RESCUE MATE application to complete tasks.","2","699e25d78a100368afb5bd5e","Female","35","consultant","15","4","No, I have not.","","","","","","","5 - very difficult","","[]","0","4","","60","4","","Yellow","2","","19","3","","","I never saw any ship icon anywhere at all.","5 - very difficult","","4","Yes, I used it.","5 - very helpful","5 - very helpful","1","","4 - Agree","3 - Not Sure","3 - Not Sure","4 - Agree","4 - Agree","3 - Not Sure","4 - Agree","3 - Not Sure","4 - Agree","3 - Not Sure","9","9","9","8","1 - very little","9","1 - very little","","","","2747.24","10.33","","63.57","","","19.25","","","","96.8","","","","","","322.6","","","","54.22","","304.73","","","","1021.04","","","","214.45","","","","187.57","","","","115.57","","","","235.94","","","","","31.05","","","","","","","32.45","","29.77","","7.9","","",""
"25","1980-01-01 00:00:00","17","en","1804014805","Yes, I wish to continue.","I have to use the RESCUE MATE application to complete tasks.","1","5968b8040e679d0001fabd89","Male","44","Military","24","4","No, I have not.","","","","","","53.48728;10.20734","2","","[{ ""title"":"""",""comment"":"""",""size"":""9.7275390625"",""name"":""Flooding.jpg"",""filename"":""fu_4sawqd7e8bw5zys"",""ext"":""jpg"" }]","1","2","","3","1 - very easy","","Yellow","1 - very easy","","18","2","","231884000","More than three ships.","3","","4","","","","1","","4 - Agree","2 - Disagree","4 - Agree","2 - Disagree","4 - Agree","2 - Disagree","4 - Agree","2 - Disagree","4 - Agree","2 - Disagree","6","2","6","10 - very much","1 - very little","4","2","","","","834.94","6.11","","60.88","","","9","","","","28.9","","","","","","","","81.22","","25.37","","112.88","","","","151.07","","","","52.22","","","","59.62","","","","68.01","","","","98.67","","","","","14.27","","","","","","","35.91","","22.49","","8.32","","",""
"26","1980-01-01 00:00:00","17","en","817874995","Yes, I wish to continue.","I have to use the RESCUE MATE application to complete tasks.","1","670fae3ffefdc4fd64eadfc4","Male","56","Military Personnel","32","4","Yes, occasionally.","Urban Shift","Yes a storm surge almost two years ago in Durban. It resulted in flooding especially to residents near the beach and living on flat land. We were assigned to offer first aid help","","","","53.55924;10.25684","5 - very difficult","","[{ ""title"":"""",""comment"":"""",""size"":""2153.4736328125"",""name"":""Screenshot-2026-03-19-190247.png"",""filename"":""fu_a5q8wvk6kcvs6kc"",""ext"":""png"" }]","1","1 - very easy","","6","5 - very difficult","","Yellow","1 - very easy","","18","1 - very easy","","09091999","Three ships.","2","","4","","","","1","Using the menu to easily find the locations","4 - Agree","5 - Strongly Agree","4 - Agree","5 - Strongly Agree","5 - Strongly Agree","2 - Disagree","4 - Agree","5 - Strongly Agree","4 - Agree","2 - Disagree","2","4","10 - very much","7","1 - very little","10 - very much","4","Control the zoom options and make it easy to move left, right, up, down","","It initially took too long to load","2413.35","20.38","","106.43","","","66.21","","","","368.08","","","","","","","","477.81","","23.85","","203.54","","","","253.18","","","","208.25","","","","106.37","","","","91.57","","","","265.92","","","","","40.59","","","","","","","59.3","","34.53","","87.34","","",""
"27","1980-01-01 00:00:00","17","en","1457225056","Yes, I wish to continue.","I have to use the RESCUE MATE application to complete tasks.","2","68d8056f523c5e9e7d3e9369","Male","46","Certified Risk Professional","25","4","Yes, occasionally.","","","","","","","5 - very difficult","Incidents: Wilhelmsburg Fire 20.03.26, 00:39Uhr Category: 2","[{ ""title"":""Flooding"",""comment"":""Nil"",""size"":""137.4384765625"",""name"":""Flooding-Screenshot-2026-03-20-004821.jpg"",""filename"":""fu_49k62wzsudccf65"",""ext"":""jpg"" }]","1","5 - very difficult","Done but not sure if it's done correctly. ","0","5 - very difficult","Unable to locate the rescue points","Green","3","Nil","18","4","Nil","09091999","More than three ships.","4","Nil","4","Yes, I used it.","5 - very helpful","5 - very helpful","1","Extra time should be allocated to familiarise with the rescue map prior to performing the tasks. ","4 - Agree","4 - Agree","1 - Strongly Disagree","4 - Agree","4 - Agree","3 - Not Sure","3 - Not Sure","4 - Agree","4 - Agree","5 - Strongly Agree","9","5","10 - very much","8","1 - very little","10 - very much","10 - very much","Extra time to learn more about the map prior to performing the tasks will be helpful","To consider adding search icons ","Time allocated was rather short. Hence, unable to explore the full functionality of the map.","1611.75","10.45","","97.59","","","14.58","","","","44.22","","","","","","130.41","","","","25.6","","175.3","","","","289.52","","","","163.14","","","","58.81","","","","82.69","","","","126.81","","","","","80.62","","","","","","","97.78","","61.42","","152.81","","",""
"28","1980-01-01 00:00:00","17","en","2006333994","Yes, I wish to continue.","I have to use the RESCUE MATE application to complete tasks.","2","697cf5f3b613721bdafd5991","Male","34","Risk Manager","8","2","No, I have not.","","","","","","53.48715;10.20935","1 - very easy","","[{ ""title"":""Screenshot"",""comment"":"""",""size"":""590.25390625"",""name"":""Screenshot-2026-03-19-182023.png"",""filename"":""fu_cbazi8z2d2m9fkj"",""ext"":""png"" }]","1","3","","3","2","","Yellow","2","","18","2","","09091999","More than three ships.","1 - very easy","when you are searching one specific ship, it should automatically highlight it on the map so it's easy to see","4","No, I did not use it.","I did not use MyView.","I did not use MyView.","1","A button to 'clear' view and rest to initial view","3 - Not Sure","2 - Disagree","4 - Agree","1 - Strongly Disagree","4 - Agree","2 - Disagree","5 - Strongly Agree","3 - Not Sure","4 - Agree","2 - Disagree","2","1 - very little","4","8","1 - very little","4","4","when searching for a ship; it would be automatically highlighted on the map ","","","2580.92","19.42","","1026.08","","","16.71","","","","32.55","","","","","","96.61","","","","202.58","","98.69","","","","403.55","","","","100.61","","","","140.8","","","","79.45","","","","135.77","","","","","125.86","","","","","","","38.54","","23.22","","40.48","","",""
"29","1980-01-01 00:00:00","17","en","1883732207","Yes, I wish to continue.","I have to use the RESCUE MATE application to complete tasks.","1","60455b1578f6f36a3e8ea81c","Male","39","NHS 111 Health Advsisor","3","5","No, I have not.","","","","","","52.54608;13.5013","5 - very difficult","","[{ ""title"":"""",""comment"":"""",""size"":""1620.044921875"",""name"":""Screenshot-2026-03-19-at-17.01.51.png"",""filename"":""fu_h9bgin2bx8wgqei"",""ext"":""png"" }]","1","2","","1","5 - very difficult","","Yellow","2","","18","1 - very easy","","","I never saw any ship icon anywhere at all.","5 - very difficult","","3","","","","1","","3 - Not Sure","4 - Agree","2 - Disagree","4 - Agree","2 - Disagree","2 - Disagree","3 - Not Sure","4 - Agree","3 - Not Sure","3 - Not Sure","8","7","3","3","1 - very little","3","5","","","","809.64","7.23","","107.78","","","16.16","","","","25.06","","","","","","","","73.07","","15.42","","73.08","","","","101.09","","","","82.31","","","","104.87","","","","41.7","","","","108.23","","","","","12.51","","","","","","","20.31","","17.83","","2.99","","",""
"30","1980-01-01 00:00:00","17","en","17958824","Yes, I wish to continue.","I have to use the RESCUE MATE application to complete tasks.","2","69a9e1baa9a0e761903df15c","Male","37","Government, Manager","10","5","No, I have not.","","I have worked during various hurricane's and floods in  operations roles.","","","","53.48918;10.20814","3","","[{ ""title"":"""",""comment"":"""",""size"":""1042.390625"",""name"":""1.png"",""filename"":""fu_dimuw4axudg5vsp"",""ext"":""png"" }]","1","2","","1","5 - very difficult","I couldn't find the information.","Yellow","1 - very easy","","19","2","","09091999","More than three ships.","1 - very easy","","4","No, I did not use it.","I did not use MyView.","I did not use MyView.","1","I wasn't able to answer the question regarding water rescue points near a podder location. However, this is because I wasn't using MyView. I just went and played around with MyView and it makes the tasks much simpler - being able to overlay any information that you would need.","3 - Not Sure","2 - Disagree","4 - Agree","2 - Disagree","4 - Agree","2 - Disagree","3 - Not Sure","2 - Disagree","4 - Agree","4 - Agree","7","1 - very little","8","8","1 - very little","6","5","","","","1511.51","199.66","","54.75","","","14.89","","","","106.81","","","","","","156.36","","","","24.7","","126.88","","","","204.5","","","","208.83","","","","62.73","","","","91.4","","","","74.56","","","","","113.08","","","","","","","34.76","","30.77","","6.83","","",""
"32","1980-01-01 00:00:00","17","en","1711773430","Yes, I wish to continue.","I have to use the RESCUE MATE application to complete tasks.","2","69b3d338ba741954f5956106","Male","29","Police","9","5","No, I have not.","","","","","","51.31667;9.5","5 - very difficult","","[{ ""title"":"""",""comment"":"""",""size"":""736.9052734375"",""name"":""Screenshot-2026-03-19-192102.png"",""filename"":""fu_9q3jzc9xzh3sycq"",""ext"":""png"" }]","1","3","","6","5 - very difficult","","Yellow","4","","14","3","","09091999","Three ships.","3","","5","No, I did not use it.","I did not use MyView.","I did not use MyView.","1","","4 - Agree","3 - Not Sure","4 - Agree","4 - Agree","4 - Agree","3 - Not Sure","4 - Agree","3 - Not Sure","4 - Agree","3 - Not Sure","2","1 - very little","1 - very little","8","1 - very little","1 - very little","1 - very little","","","","1759.5","8.31","","108.88","","","40.43","","","","122.27","","","","","","236.4","","","","26.74","","126.68","","","","357.55","","","","131.87","","","","131.25","","","","63","","","","121.35","","","","","138.55","","","","","","","59.42","","69.65","","17.15","","",""
"33","1980-01-01 00:00:00","17","en","829560974","Yes, I wish to continue.","I have to use the RESCUE MATE application to complete tasks.","1","5b717948f736c000012b4f1e","Female","33","Software developer","1","4","Yes, occasionally.","I used it when I studied Environmental Sciences","","","","","53.48708;10.2057","3","","[{ ""title"":""Incident"",""comment"":"""",""size"":""123.0302734375"",""name"":""incident.png"",""filename"":""fu_8qdatfeyg4n3drd"",""ext"":""png"" }]","1","3","","3","5 - very difficult","","Yellow","2","","18","3","","09091999","Three ships.","2","","4","","","","1","","3 - Not Sure","2 - Disagree","4 - Agree","2 - Disagree","4 - Agree","2 - Disagree","1 - Strongly Disagree","3 - Not Sure","2 - Disagree","3 - Not Sure","4","1 - very little","9","9","1 - very little","3","2","","","","1178.15","7.69","","95.82","","","12.13","","","","116.12","","","","","","","","80.91","","22.42","","187.11","","","","197.66","","","","150.6","","","","57.34","","","","71.7","","","","62.17","","","","","18.26","","","","","","","49.27","","42.04","","6.91","","",""
"37","1980-01-01 00:00:00","17","en","332881108","Yes, I wish to continue.","I have to use the RESCUE MATE application to complete tasks.","2","5e5012ec47808406305d6a0d","Male","62","manager","44","4","No, I have not.","","","","","","53.5265;10.01438","1 - very easy","","[]","0","1 - very easy","","9","1 - very easy","","Yellow","1 - very easy","","16","1 - very easy","","09091999","Three ships.","1 - very easy","","5","Yes, I used it.","5 - very helpful","5 - very helpful","1","NO COLULDNT DO SCREEN SHOT ON LAP TOP","5 - Strongly Agree","1 - Strongly Disagree","5 - Strongly Agree","1 - Strongly Disagree","5 - Strongly Agree","1 - Strongly Disagree","5 - Strongly Agree","1 - Strongly Disagree","5 - Strongly Agree","1 - Strongly Disagree","6","3","5","10 - very much","1 - very little","6","1 - very little","NO","NO","NO","1393.99","14.55","","37.29","","","34.6","","","","49.44","","","","","","104.98","","","","27.72","","155.75","","","","254.24","","","","112.27","","","","178.72","","","","97.77","","","","189.59","","","","","50.5","","","","","","","34.62","","29.01","","22.94","","",""
"40","1980-01-01 00:00:00","17","en","1253048607","Yes, I wish to continue.","I have to use the RESCUE MATE application to complete tasks.","1","69aac33601aaa14cc80f3463","Female","41","Emergency Dispatch ","5","3","Yes, occasionally.","I use a geographic information system to track the location of forest service workers. ","","","","","","4","i was assuming it was bilstedt but i couldn't find the castle on fire incident name, so i was confused. ","[{ ""title"":""flooding incident"",""comment"":"""",""size"":""2420.51953125"",""name"":""Screenshot-2026-03-20-012844.png"",""filename"":""fu_agqv96qmavgfcdy"",""ext"":""png"" }]","1","3","","8","3","","Yellow","3","","18","2","","09091999","More than three ships.","2","","4","","","","1","a legend would be nice, to know what each symbol on the map means .","5 - Strongly Agree","1 - Strongly Disagree","4 - Agree","1 - Strongly Disagree","5 - Strongly Agree","1 - Strongly Disagree","5 - Strongly Agree","1 - Strongly Disagree","4 - Agree","1 - Strongly Disagree","6","1 - very little","3","6","1 - very little","7","1 - very little","","functions similar to google maps would be nice, to be able to see the distance or directions from one point to another. ","yes, I wasn't able to determine which open ports or what have you, there were two symbols to count and I couldn't determine which was which. ","1579.89","11.35","","121.85","","","49.09","","","","83.97","","","","","","","","190.74","","36.35","","279.92","","","","218.85","","","","173.78","","","","65.48","","","","70.4","","","","65.82","","","","","41","","","","","","","39.94","","34.85","","96.5","","",""
"41","1980-01-01 00:00:00","17","en","1591485414","Yes, I wish to continue.","I have to use the RESCUE MATE application to complete tasks.","1","6980b650c1276bf2edf0feb6","Male","31","it","6","5","No, I have not.","","","","","","53.46495;9.9937","4","","[{ ""title"":""area"",""comment"":"""",""size"":""1590.560546875"",""name"":""Screenshot-2026-03-20-102558.png"",""filename"":""fu_2x57wx792w8xgnb"",""ext"":""png"" }]","1","2","","9","3","","Yellow","3","","18","1 - very easy","","","Three ships.","5 - very difficult","","3","","","","1","","1 - Strongly Disagree","2 - Disagree","3 - Not Sure","5 - Strongly Agree","3 - Not Sure","3 - Not Sure","2 - Disagree","5 - Strongly Agree","1 - Strongly Disagree","5 - Strongly Agree","10 - very much","1 - very little","1 - very little","4","1 - very little","10 - very much","8","","","","1655.29","22.86","","76.24","","","20.13","","","","41.48","","","","","","","","84.25","","28.43","","205.35","","","","114.29","","","","187.29","","","","72.68","","","","55.8","","","","86.55","","","","","14.37","","","","","","","53.7","","44.79","","547.08","","",""
"42","1980-01-01 00:00:00","17","en","1857202600","Yes, I wish to continue.","I have to use the RESCUE MATE application to complete tasks.","2","698093a6ccef1114e376cfe5","Female","25","Associate - Cyber Security Risk and Reg.","3.5","4","No, I have not.","","","","","","53.12617;10.17334","5 - very difficult","It was hard to locate the details","[{ ""title"":"""",""comment"":"""",""size"":""1274.3291015625"",""name"":""Screenshot-2026-03-20-140515.png"",""filename"":""fu_9s457a4mi99u72h"",""ext"":""png"" }]","1","1 - very easy","","3","3","","Yellow","3","","19","1 - very easy","","09091999","More than three ships.","3","","3","Yes, I used it.","3","3","1","","3 - Not Sure","4 - Agree","4 - Agree","4 - Agree","4 - Agree","4 - Agree","3 - Not Sure","3 - Not Sure","3 - Not Sure","4 - Agree","3","6","7","8","1 - very little","3","5","","","","1661.27","18.56","","69.32","","","18.51","","","","72.13","","","","","","543.88","","","","15.38","","209.81","","","","187.66","","","","138.36","","","","72.02","","","","65.76","","","","143.95","","","","","30.21","","","","","","","39.04","","29.09","","7.59","","",""
"44","1980-01-01 00:00:00","17","en","1085015308","Yes, I wish to continue.","I have to use the RESCUE MATE application to complete tasks.","1","6917764312f1d23b8fba53df","Female","27","Emergency Management ICT Specialist","5","5","Yes, extensively.","ArcGIS online","Yes, I have taken part in a smaller regional-level emergency response to severe weather and flooding where I was involved in locating and providing accommodation to displaced individuals and families. I have also taken part in a significant national-level emergency response to a severe cyclone, where I was in a bunker under government buildings organising the transport and accommodation of emergency responders into the affected locations. I have also taken part in multiple other severe weather related responses, providing general support.","","","","53.48782;10.21241","1 - very easy","Very easy to locate evacuation zone, I looked at RESCUE-MATE, grabbed the name of the nearest town and then searched for a location in the middle of the evacuation zone.","[{ ""title"":"""",""comment"":"""",""size"":""5371.61328125"",""name"":""Screenshot-2026-03-20-at-21.35.10.png"",""filename"":""fu_ttixksvgvf5iduu"",""ext"":""png"" }]","1","2","Easy to locate where to add a new incident. Clicking and dragging the incident area was a bit difficult, as it was initially placed not where I intended it, so had to drag each point so it covered the area I wanted. I completed the incident report, and my incident area did not show up immediately, I had to go into the situation map and then back into Incidents and Evacuations to try ""refresh"" the map, which is when it appeared.","4","4","I struggled with this one a little, I think partially because I am unfamiliar with the location and the map, and this is the first time I've ever come across the term ""polder"" too, so had to take a second to realise what was being referenced. I then realised I needed to open the Polder map, where I was quickly able to locate and view #7. Unfortunately, the water rescue points data was in another map, so went back to the situation map and turned on the layer for water rescue points. Then, I forgot where the border of Polder 7, so went back to the Polder map, then when I came back into the situation map it zoomed me back out, so had to zoom in and try locate where Polder 7 was. I did come to the conclusion that there was 4, but I was far too slow. Ideally, would be great if all Polder-related information like water rescue points could be included as a layer in the Polder map.","Yellow","1 - very easy","Very easy to scroll down the right-hand side to get to Polder 73. Modifying the data was simple, super easy to click the relevant data in the drop-downs and save changes.","18","1 - very easy","Super quick and easy. A feature that counts all items in the selected layer for the visible map, like in ArcGIS, would be a time saver if there was lots of stations. ","09091999","More than three ships.","1 - very easy","I went into the ship map and ended up with all the ships at once for a start. Used the right-hand side to hide all ships, searched for MS Helenaria and toggled it to view, and then located, clicked the ship on the map and located the MMSI number, then copy paste. Easy!","5","","","","1","You specified in the question regarding fire stations that any I could see around Hamburg could be counted and to not worry about trying to figure out the city limits. If you hadn't, having a layer or information on where the city ends would have been very useful. Having the ability to search the map by town or address could be really helpful for someone like me who is not familiar with Hamburg at all.","4 - Agree","1 - Strongly Disagree","5 - Strongly Agree","1 - Strongly Disagree","4 - Agree","2 - Disagree","4 - Agree","3 - Not Sure","5 - Strongly Agree","1 - Strongly Disagree","5","1 - very little","5","8","1 - very little","5","2","No suggestions come to mind, I think it's great. A really simple way to be able to view, modify and add data to a map.","I know for us, our geospatial system holds data on many things that prove to be very helpful, such as number of residents (and general demographic data) within a suburb or city, tsunami evacuation zones, locations of resources, location information on our critical lifelines (gas, power, transportation and outages) - so many options. We also have a collection of view-only dashboards, great for those who aren't as tech-savvy, and also handy for briefings.","No other issues apart from minor issues already reported in prior questions.","2574.02","13.29","","41.92","","","16.72","","","","249.7","","","","","","","","165.86","","23.17","","124.49","","","","440.23","","","","463.38","","","","105.59","","","","147.57","","","","133.69","","","","","213.7","","","","","","","45.34","","34.57","","354.8","","",""
"46","1980-01-01 00:00:00","17","en","1532906417","Yes, I wish to continue.","I have to use the RESCUE MATE application to complete tasks.","1","65c347be7d456f4e0902823d","Female","39","Clinical support worker","16","4","No, I have not.","","none ","","","","53.49376;10.01816","4","I think the first task was just getting familiar, I think I got the point right though.","[{ ""title"":""Flooding task "",""comment"":"""",""size"":""2088.337890625"",""name"":""Screenshot-2026-03-20-084053.png"",""filename"":""fu_djg285damg6j7pw"",""ext"":""png"" }]","1","2","","3","3","I hope I got the right number :)","Yellow","2","","0","3","I can actually see 18, it took me a while to find and count sorry :(","09091999","More than three ships.","2","","4","","","","1","I think that the interface is very well executed, I think it just takes a little time to get used to navigating. ","4 - Agree","2 - Disagree","4 - Agree","2 - Disagree","4 - Agree","2 - Disagree","4 - Agree","2 - Disagree","3 - Not Sure","2 - Disagree","7","2","7","6","1 - very little","7","2","I think that the tasks were straight forward enough, I think it was just the time constraint. I do think that with a couple of extra minutes more would of meant better execution overall. I do agree that the system is quite straight forward and helpful enough.","Aside from doing the tasks, I think a button to navigate to certain areas on the map would be useful and quicker, I did not see this option so possibly was not there or I did  not see this function. ","No issues as such, That time goes down quicker than expected but i tried :)","2635.39","9.14","","59.48","","","17.02","","","","35.76","","","","","","","","103.58","","28.44","","220.37","","","","781.2","","","","185.07","","","","133.34","","","","354.82","","","","192.99","","","","","69.92","","","","","","","86.26","","32.25","","325.75","","",""
"47","1980-01-01 00:00:00","17","en","560866386","Yes, I wish to continue.","I have to use the RESCUE MATE application to complete tasks.","2","697a4bca3a9b41997e03bdaf","Male","24","Credit Risk Analyst","1.5","4","No, I have not.","","Fortunately, I have not had a chance to work in such conditions.","","","","53.31492;8.50719","5 - very difficult","it is not easy to find a castle","[]","0","5 - very difficult","I have no idea where should i create a new incident.","0","5 - very difficult","I don't know what should i count, i cant see any options, no map...","I did not complete the task.","4","I have no idea how would i know the color","6","5 - very difficult","I cant see map","0","I never saw any ship icon anywhere at all.","5 - very difficult","I dont what shoul i base on ","1","I don't know what that is.","I did not use MyView.","I did not use MyView.","1","I have seen the map only in 1st task, thank I haven't had a chance to click anything to create incident, count something on the map, that was just really strange survey and unclear tasks.","1 - Strongly Disagree","3 - Not Sure","1 - Strongly Disagree","5 - Strongly Agree","1 - Strongly Disagree","5 - Strongly Agree","1 - Strongly Disagree","5 - Strongly Agree","1 - Strongly Disagree","5 - Strongly Agree","10 - very much","10 - very much","10 - very much","1 - very little","1 - very little","10 - very much","10 - very much","the entire survey is unclear, complicated, and frustrating","no","I have seen the map only in 1st task, I didnt know what to do,The tasks were unclear,I did not know how add or create 'incident' I did not had a source to work with and look for clolurs, fire stations etc.","2122.82","7.42","","112.27","","","23.58","","","","179.25","","","","","","90.02","","","","170.41","","383.26","","","","307.99","","","","197.61","","","","138.72","","","","76.13","","","","57.03","","","","","115.6","","","","","","","62.03","","39.98","","161.52","","",""
"49","1980-01-01 00:00:00","17","en","989024786","Yes, I wish to continue.","I have to use the RESCUE MATE application to complete tasks.","2","66d995ce89dd6ac425730bc1","Male","28","Manager ","4","4","No, I have not.","","","","","","53.44993;9.5636","3","l did pin the navigation","[{ ""title"":""hamburg navigation"",""comment"":""The left‑side nav opened smoothly on hover and the left\/right clicks switched views without lag. Screenshot attached—shows the panel expanded and the map updating as expected."",""size"":""66.6201171875"",""name"":""mapppp.jpeg"",""filename"":""fu_3azvxcjcvaw9giy"",""ext"":""jpeg"" }]","1","3","l don't have much experience please guide me if there is any glitch","5","4","Task was clear but counting points on the border felt a bit fiddly—larger icons or a zoom option would help.","Blue","4","Task was clear but counting points on the border felt a bit fiddly—larger icons or a zoom option would help","4","4","","MMSI","I never saw any ship icon anywhere at all.","5 - very difficult","","5","Yes, I used it.","5 - very helpful","5 - very helpful","1","","5 - Strongly Agree","3 - Not Sure","4 - Agree","4 - Agree","4 - Agree","5 - Strongly Agree","5 - Strongly Agree","3 - Not Sure","4 - Agree","5 - Strongly Agree","10 - very much","6","8","8","1 - very little","6","1 - very little","NOT SURE , I STILL NEED TO LEARN MORE","","not experienced enough","3744.45","11.97","","56.02","","","95.63","","","","1077.51","","","","","","138.06","","","","326.36","","568.51","","","","659.14","","","","184.36","","","","223.68","","","","139.34","","","","51.02","","","","","51.28","","","","","","","63.98","","34.25","","63.34","","",""
"50","1980-01-01 00:00:00","17","en","387516451","Yes, I wish to continue.","I have to use the RESCUE MATE application to complete tasks.","2","66e47724a2be5c247faf28cf","Female","29","Police officer","3","4","No, I have not.","","","","","","53.48948;10.21029","3","","[{ ""title"":"""",""comment"":"""",""size"":""571.7841796875"",""name"":""Screenshot-2026-03-20-085653.png"",""filename"":""fu_ejsq9wevrvkwnzr"",""ext"":""png"" }]","1","4","Difficult to place an area down","3","4","Don't know if what I was counting were water rescue points - they were gates","Yellow","1 - very easy","","18","2","","09091999","More than three ships.","1 - very easy","","3","No, I did not use it.","I did not use MyView.","I did not use MyView.","1","","4 - Agree","2 - Disagree","2 - Disagree","2 - Disagree","4 - Agree","2 - Disagree","3 - Not Sure","2 - Disagree","3 - Not Sure","4 - Agree","3","2","7","5","1 - very little","4","4","","","","1283.84","7.73","","49.5","","","14.42","","","","28.15","","","","","","64.72","","","","20.56","","308.41","","","","365.38","","","","158.26","","","","46.29","","","","58.58","","","","63.67","","","","","24.75","","","","","","","39.44","","27.79","","6.19","","",""
"52","1980-01-01 00:00:00","17","en","682275467","Yes, I wish to continue.","I have to use the RESCUE MATE application to complete tasks.","1","697cf77974b398d960ae50a0","Male","56","healthcare assistant ","10","4","Yes, occasionally.","","","","","","53.55628;9.99777","3","","[{ ""title"":""flood"",""comment"":"""",""size"":""64.0673828125"",""name"":""Sem-título.png"",""filename"":""fu_xmspfhurp354s3a"",""ext"":""png"" }]","1","3","","07","5 - very difficult","","I completed the task but don't know the colour (...e.g. because I am colour blind).","5 - very difficult","","3","5 - very difficult","","0","I never saw any ship icon anywhere at all.","5 - very difficult","","2","","","","2","","3 - Not Sure","4 - Agree","2 - Disagree","3 - Not Sure","3 - Not Sure","3 - Not Sure","3 - Not Sure","3 - Not Sure","2 - Disagree","4 - Agree","4","2","3","5","1 - very little","4","4","","","","1044.73","14.64","","60.51","","","25.68","","","","106.08","","","","","","","","110.53","","20.61","","185.72","","","","227.97","","","","47.19","","","","21.88","","","","40.79","","","","39.86","","","","","26.66","","","","","","","61.46","","49.74","","5.41","","",""
"53","1980-01-01 00:00:00","17","en","247580348","Yes, I wish to continue.","I have to use the RESCUE MATE application to complete tasks.","2","6658b1a747c3b7e6e7d4a63e","Female","35","occupational health advisor","2","4","No, I have not.","","","","","","53.39688;9.93216","5 - very difficult","difficult","[{ ""title"":"""",""comment"":"""",""size"":""1418.8349609375"",""name"":""Screen-Shot-2026-03-20-at-9.11.02-AM.png"",""filename"":""fu_75amd67e9qfmpsj"",""ext"":""png"" }]","1","4","","5","4","","Yellow","2","","17","2","","09091999","More than three ships.","1 - very easy","","4","Yes, I used it.","4","5 - very helpful","1","","4 - Agree","2 - Disagree","4 - Agree","2 - Disagree","4 - Agree","2 - Disagree","4 - Agree","3 - Not Sure","4 - Agree","2 - Disagree","7","4","7","8","1 - very little","5","5","","","","1158.86","12.99","","45.64","","","28.04","","","","51.21","","","","","","109.34","","","","23.59","","138.39","","","","148.72","","","","157.44","","","","73.98","","","","76.57","","","","151.53","","","","","42.19","","","","","","","53.52","","36.57","","9.14","","",""
"55","1980-01-01 00:00:00","17","en","1613081977","Yes, I wish to continue.","I have to use the RESCUE MATE application to complete tasks.","1","696e47bf9b243828bfa08c9b","Male","31","Police Inspector","9","4","No, I have not.","","","","","","53.48754;10.20765","2","It's doable","[{ ""title"":""Riverbank flooding"",""comment"":"""",""size"":""343.1181640625"",""name"":""enquete.jpeg"",""filename"":""fu_6u4ri3ivfx2fqbz"",""ext"":""jpeg"" }]","1","4","I find it confusing, when i create the new flooding, you get to slect location or area of the map. But when i make the incident, I only see the incident in the right side bar, not on the map anymore?","3","2","","Yellow","1 - very easy","","18","1 - very easy","","09091999","More than three ships.","1 - very easy","","5","","","","1","No, I think it's a good application with clear functionalities","5 - Strongly Agree","2 - Disagree","4 - Agree","1 - Strongly Disagree","4 - Agree","2 - Disagree","5 - Strongly Agree","2 - Disagree","4 - Agree","1 - Strongly Disagree","6","2","8","9","1 - very little","7","6","I just made a new test incident and I see the incident on the right side but it does not apear on he map?","Maybe weather conditions? For hazard incidents, floodings, ... wind, temp, ... could be useful?","The map problem like i explained","1240.65","8.11","","54.68","","","14.06","","","","38.72","","","","","","","","90.01","","18.88","","118.35","","","","391.3","","","","69.22","","","","60.26","","","","36.2","","","","77.22","","","","","47.51","","","","","","","35.83","","32.53","","147.77","","",""
"56","1980-01-01 00:00:00","17","en","347995028","Yes, I wish to continue.","I have to use the RESCUE MATE application to complete tasks.","2","697faa91c82f7ef8c61b9a7c","Male","23","Student Assistant in Corporate Risk Governance, part-time alongside Master's studies","3","4","No, I have not.","","","","","","53.48626;10.20355","2","","[{ ""title"":"""",""comment"":"""",""size"":""1429.0146484375"",""name"":""Screenshot-2026-03-20-103548.png"",""filename"":""fu_vvx65gjsarybgsq"",""ext"":""png"" }]","1","3","","3","2","","Yellow","1 - very easy","","18","1 - very easy","","09091999","Three ships.","1 - very easy","","4","No, I did not use it.","I did not use MyView.","I did not use MyView.","1","","4 - Agree","3 - Not Sure","4 - Agree","1 - Strongly Disagree","4 - Agree","3 - Not Sure","4 - Agree","2 - Disagree","4 - Agree","2 - Disagree","2","3","5","10 - very much","1 - very little","3","4","I believe the list of layers could potentially benefit from having small corresponding icons next to each visual element. That'd help improve visual clarity and perhaps speed in finding the necessary infrastructure / information","","","1771.19","22.31","","79.4","","","12.28","","","","73.99","","","","","","636","","","","23.02","","80.89","","","","258.27","","","","122.54","","","","60.11","","","","71.14","","","","50.25","","","","","44.58","","","","","","","68.45","","57.17","","110.79","","",""
"57","1980-01-01 00:00:00","17","en","1768610730","Yes, I wish to continue.","I have to use the RESCUE MATE application to complete tasks.","2","6965eeb5f8be58a5dee0a2ee","Male","26","Policeofficer","5","4","No, I have not.","","","","","","53.72587;-1.36256","5 - very difficult","Cant search ""Castle"" in Hamburg","[{ ""title"":""Flood"",""comment"":"""",""size"":""1098.951171875"",""name"":""Unbenannt.PNG"",""filename"":""fu_488berbq45x74x6"",""ext"":""png"" }]","1","1 - very easy","","3","1 - very easy","","Yellow","1 - very easy","","18","1 - very easy","","09091999","More than three ships.","1 - very easy","","5","Yes, I used it.","4","5 - very helpful","1","","4 - Agree","1 - Strongly Disagree","5 - Strongly Agree","1 - Strongly Disagree","5 - Strongly Agree","1 - Strongly Disagree","3 - Not Sure","1 - Strongly Disagree","5 - Strongly Agree","1 - Strongly Disagree","1 - very little","1 - very little","1 - very little","8","1 - very little","1 - very little","3","","","","966.85","6.45","","37.63","","","9.72","","","","54.46","","","","","","84.77","","","","14.11","","186.7","","","","170.61","","","","74.27","","","","61.5","","","","55.85","","","","72.25","","","","","30.7","","","","","","","52.22","","49.56","","6.05","","",""
"59","1980-01-01 00:00:00","17","en","568484747","Yes, I wish to continue.","I have to use the RESCUE MATE application to complete tasks.","2","6630ec10efe9f6624eb24482","Female","51","Retired, I was caregiver","15","4","No, I have not.","","","","","","53.48813;10.20908","3","","[{ ""title"":"""",""comment"":"""",""size"":""251.29296875"",""name"":""Screenshot1.JPG"",""filename"":""fu_sgy7qq9r3zfezzp"",""ext"":""jpg"" }]","1","1 - very easy","","3","3","","Yellow","1 - very easy","","18","2","","09091999","More than three ships.","2","","4","No, I did not use it.","I did not use MyView.","I did not use MyView.","1","","3 - Not Sure","1 - Strongly Disagree","4 - Agree","2 - Disagree","4 - Agree","1 - Strongly Disagree","4 - Agree","3 - Not Sure","4 - Agree","2 - Disagree","8","3","7","9","1 - very little","8","2","","","","1463.42","6.26","","61.43","","","12.44","","","","36.62","","","","","","111.55","","","","26.97","","198.79","","","","167.11","","","","121.48","","","","64.15","","","","50.6","","","","80.3","","","","","31.41","","","","","","","36.45","","27.68","","430.18","","",""
"61","1980-01-01 00:00:00","17","en","307679598","Yes, I wish to continue.","I have to use the RESCUE MATE application to complete tasks.","2","5c77e56ad5dd7600016c00d3","Female","36","police officer","18","3","No, I have not.","","","","","","53.54369;10.03565","5 - very difficult","i tried to find the castle from the map.. but it was quite hard.. ","[{ ""title"":"""",""comment"":"""",""size"":""2477.9580078125"",""name"":""Screenshot-2026-03-20-120214.png"",""filename"":""fu_kdetyn5qsiqkb52"",""ext"":""png"" }]","1","3","it was easier :D","4","5 - very difficult","","Yellow","1 - very easy","","0","3","i didn't see any in Hamburg","09091999","Three ships.","1 - very easy","","4","Yes, I used it.","5 - very helpful","3","1","i didn't understand how to see these water points on map while seeing also the area.. ","4 - Agree","2 - Disagree","3 - Not Sure","3 - Not Sure","4 - Agree","2 - Disagree","4 - Agree","2 - Disagree","3 - Not Sure","3 - Not Sure","3","5","7","5","1 - very little","4","5","maybe better explanation on how to see water points with areas on map","--","","1720.28","24.79","","130.69","","","28.93","","","","49.88","","","","","","184.52","","","","35.35","","226.01","","","","353.13","","","","195.75","","","","137.52","","","","88.95","","","","44.75","","","","","57.88","","","","","","","72.31","","48.21","","41.61","","",""
"62","1980-01-01 00:00:00","17","en","1530557118","Yes, I wish to continue.","I have to use the RESCUE MATE application to complete tasks.","2","698897de878364b4ce4a0774","Male","27","AML/KYC analyst","4","4","No, I have not.","","","","","","","4","","[{ ""title"":"""",""comment"":"""",""size"":""2661.541015625"",""name"":""Zrzut-ekranu-2026-03-20-110132.png"",""filename"":""fu_tawenmn28dshxb8"",""ext"":""png"" }]","1","2","","5","3","","Yellow","1 - very easy","","18","1 - very easy","","09091999","More than three ships.","2","","5","No, I did not use it.","I did not use MyView.","I did not use MyView.","1","","4 - Agree","1 - Strongly Disagree","4 - Agree","2 - Disagree","5 - Strongly Agree","2 - Disagree","4 - Agree","4 - Agree","4 - Agree","3 - Not Sure","6","4","8","9","1 - very little","7","3","","","","1747.79","5.36","","100","","","18.64","","","","70.25","","","","","","187.44","","","","22.9","","187.96","","","","310.01","","","","355.63","","","","71.68","","","","145.75","","","","127.16","","","","","58.16","","","","","","","33.72","","46.94","","6.19","","",""
"63","1980-01-01 00:00:00","17","en","863011386","Yes, I wish to continue.","I have to use the RESCUE MATE application to complete tasks.","1","64dd2b49967b465acf024816","Male","48","Modelling and Call Centre","12","5","Yes, occasionally.","Once as part of our job we were supposed to help people financially due to flooding event in their areas","No never as such","","","","53.70867;10.57826","5 - very difficult","wasnt it hard ","[{ ""title"":""Flooding task"",""comment"":""Pic as attached"",""size"":""1737.2470703125"",""name"":""Screenshot-2026-03-20-231301.png"",""filename"":""fu_fdp3dkvjf6kyrur"",""ext"":""png"" }]","1","1 - very easy","Wow, this task was so easy as and loved how rescue mate worked too.","3","1 - very easy","","Yellow","1 - very easy","if I did good then task was easy to follow on ","18","1 - very easy","loved finding task","MMSI: 09091999","More than three ships.","1 - very easy","amazing","5","","","","1","I go by dont change anything if not broken so to me all looks fine but and maybe make those 3 lines on left as MAPS Menu","5 - Strongly Agree","3 - Not Sure","5 - Strongly Agree","3 - Not Sure","5 - Strongly Agree","2 - Disagree","4 - Agree","2 - Disagree","5 - Strongly Agree","3 - Not Sure","6","6","5","8","1 - very little","4","2","can we make those 3 lines on left as MAPS Menu","as above only","dont think so ","1592.43","39.4","","73.96","","","25.77","","","","74.09","","","","","","","","206.5","","17.21","","197.96","","","","364.3","","","","114.57","","","","90.06","","","","121.52","","","","100.74","","","","","65.91","","","","","","","39.95","","30.92","","29.57","","",""
"65","1980-01-01 00:00:00","17","en","811167637","Yes, I wish to continue.","I have to use the RESCUE MATE application to complete tasks.","2","6972d1215347317face5b175","Female","51","police officer","21","3","No, I have not.","","I've worked during a bushfire manning a cordon point, keeping the public from entering the scene after homes have been evacuated.","","","","53.72587;-1.36256","5 - very difficult","I couldn't do the task as the search bar didn't return any results for 'castle'. I obviously can't operate the software!","[{ ""title"":"""",""comment"":"""",""size"":""2787.0390625"",""name"":""Screenshot-2026-03-20-at-9.27.04 PM.png"",""filename"":""fu_r5xc6dzfgza8n85"",""ext"":""png"" }]","1","5 - very difficult","This software is really hard to use.","17","4","","Red","3","","18","1 - very easy","","09091999","More than three ships.","1 - very easy","","3","No, I did not use it.","I did not use MyView.","I did not use MyView.","1","Better instructions about the fact that there were map layers and how to find a castle in Hamburg would have been helpful.","2 - Disagree","5 - Strongly Agree","2 - Disagree","4 - Agree","2 - Disagree","4 - Agree","2 - Disagree","5 - Strongly Agree","2 - Disagree","4 - Agree","10 - very much","1 - very little","8","4","1 - very little","9","9","Have it return a result in the search field for 'castle'. I don't know what castle is in German but maybe I should have been using that word. It also wasn't immediately apparent that I should click on the ships to see the individual information about each ship. I'm not sure that everything was intuitive or maybe I'm just dim.  And in the layer that showed the ships, there seemed to be lots of ships but only three listed on the right in the names of ships, so that confused me. Were all the other watercraft not ships?","I can't think of anything. ","I was frustrated and anxious by the three minute timer. It stressed me out so I was not able to be calm and work out what to do with the software. I realise you said to familiarise myself with the software first, before the task began, but you can't really familiarise yourself until you're actually doing a task. ","2405.93","19.62","","89.79","","","33.72","","","","125.77","","","","","","302.35","","","","53.74","","227.21","","","","515.19","","","","234.66","","","","138.33","","","","82.1","","","","155.01","","","","","70.25","","","","","","","59.31","","40.86","","258.02","","",""
"67","1980-01-01 00:00:00","17","en","1227739962","Yes, I wish to continue.","I have to use the RESCUE MATE application to complete tasks.","2","69260e54b8c2601b89d47993","Male","30","Firefighter","7","4","No, I have not.","","Multiple hurricanes, floods, and wildfires. Duties included evacuations, securing hazardous areas, fire suppression, etc. ","","","","53.49261;10.23067","1 - very easy","","[{ ""title"":""Test"",""comment"":""Test"",""size"":""2083.1708984375"",""name"":""test1.png"",""filename"":""fu_f35zib8ehgc6fr3"",""ext"":""png"" }]","1","1 - very easy","Drawn area won't appear on map.","5","3","Rescue points are not visible in polder mode and switching from polder to situation map zooms out, requiring me to find the polder again and memorize its borders. However if MyView is setup it becomes very easy, this task would be quicker creating a specific MyView if it didn't already exist than my first method of switching between preset map modes.","Yellow","1 - very easy","","18","1 - very easy","","09091999","More than three ships.","1 - very easy","A option to jump my view to the ship in the search bar would be helpful, clicking just toggles view on/off.","5","Yes, I used it.","5 - very helpful","5 - very helpful","1","","4 - Agree","1 - Strongly Disagree","4 - Agree","2 - Disagree","4 - Agree","2 - Disagree","4 - Agree","2 - Disagree","3 - Not Sure","2 - Disagree","5","1 - very little","3","8","1 - very little","7","1 - very little","","","","2382.91","11.63","","58.95","","","18.26","","","","395.82","","","","","","271.06","","","","14.2","","319.87","","","","533.48","","","","393.33","","","","71.4","","","","58.98","","","","135.34","","","","","32.97","","","","","","","34.17","","24.23","","9.22","","",""
"70","1980-01-01 00:00:00","17","en","1247561609","Yes, I wish to continue.","I have to use the RESCUE MATE application to complete tasks.","1","651ac08f227732e907b4bc76","Male","37","Security Agent","4","4","No, I have not.","","","","","","53.56356;9.97971","3","","[{ ""title"":"""",""comment"":"""",""size"":""2526.0791015625"",""name"":""Screenshot-2026-03-20-at-13.03.37.png"",""filename"":""fu_pdeikxzurj56idj"",""ext"":""png"" }]","1","2","it took me a while to find the button to confirm the area, as it had disappeared after i adjusted the affected area","3","1 - very easy","","Yellow","1 - very easy","","18","1 - very easy","","09091999","More than three ships.","1 - very easy","","4","","","","1","","3 - Not Sure","2 - Disagree","4 - Agree","2 - Disagree","4 - Agree","2 - Disagree","4 - Agree","2 - Disagree","3 - Not Sure","3 - Not Sure","7","2","6","8","1 - very little","6","6","","","","1070.29","9.35","","62.34","","","18","","","","35.02","","","","","","","","143.05","","19.75","","97.86","","","","333.62","","","","66.75","","","","59.55","","","","70.55","","","","55.24","","","","","11.96","","","","","","","36.64","","33.06","","17.55","","",""
"72","1980-01-01 00:00:00","17","en","2036262028","Yes, I wish to continue.","I have to use the RESCUE MATE application to complete tasks.","1","668d382ea3dc675995db9ca9","Female","68","RN","43","4","No, I have not.","","I was an emergency preparedness coordinator and worked several major incidents","","","","","5 - very difficult","no location that was close in the name castle on fire( different language)","[]","0","5 - very difficult","very confusing directions- where is the map located to mark the incident?","","5 - very difficult","same answer as before- hoe do you get to the map to make incidents- this would be a disaster after a disaster","I did not complete the task.","5 - very difficult","impossible to do without the data","","5 - very difficult","same frustrating ","","I never saw any ship icon anywhere at all.","5 - very difficult","same answer impossible","1","","","","1","to actually see the map when  asked questions might have helped!!! hope you  don't use this in a real emergency","1 - Strongly Disagree","5 - Strongly Agree","1 - Strongly Disagree","5 - Strongly Agree","1 - Strongly Disagree","5 - Strongly Agree","1 - Strongly Disagree","5 - Strongly Agree","1 - Strongly Disagree","4 - Agree","6","1 - very little","5","1 - very little","1 - very little","7","10 - very much","better instructions","to be able to see the map","yes - unable to see the map to answer the questions","837.11","13.19","","37.52","","","15.16","","","","54.01","","","","","","","","67.86","","12.58","","231.34","","","","93.61","","","","52.47","","","","35.9","","","","23.16","","","","29.93","","","","","63.21","","","","","","","34.94","","24.69","","47.54","","",""
"73","1980-01-01 00:00:00","17","en","988828928","Yes, I wish to continue.","I have to use the RESCUE MATE application to complete tasks.","1","6155b8be124d588312f301e0","Male","30","marketing lead","4","4","No, I have not.","","","","","","53.4883;10.20836","1 - very easy","way to copy coordinates or url to incident","[{ ""title"":"""",""comment"":"""",""size"":""1462.0849609375"",""name"":""{ -58B5A424-A368-4DAB-8C3D-8986EBCE060A- }.png"",""filename"":""fu_3pxz8dmcqbdxz2p"",""ext"":""png"" }]","1","2","Area doesn't seem to display on the map for some reason","4","3","unclear what bordering means but it's very cumbersome that the map zoom changes when switching from the polder map to incident map. it should be the same area displayed","Yellow","1 - very easy","","19","2","not sure if the one in cuxhaven coutns","09091999","More than three ships.","1 - very easy","the visibility toggle jumps to the ship for some reason and zooms in waaay too far","4","","","","1","lock the map when switching layers","4 - Agree","2 - Disagree","4 - Agree","1 - Strongly Disagree","2 - Disagree","5 - Strongly Agree","5 - Strongly Agree","2 - Disagree","4 - Agree","1 - Strongly Disagree","2","1 - very little","2","9","1 - very little","4","3","able to lock the map when switching layers ship search should work in the opposite way as it does now (searching -> only ship selected through search should be shown)","popuation layer (how many people live in an area)","","1407.55","16.56","","48.17","","","13.6","","","","46.29","","","","","","","","235.23","","44.22","","130.29","","","","211.33","","","","184.66","","","","59.57","","","","76.98","","","","108.44","","","","","55.37","","","","","","","53.93","","33.8","","89.11","","",""
"75","1980-01-01 00:00:00","17","en","1748786184","Yes, I wish to continue.","I have to use the RESCUE MATE application to complete tasks.","1","65f079d950ec7745ae73f277","Male","44","Security Officer","23","4","No, I have not.","","","","","","53.66341;10.08991","5 - very difficult","","[{ ""title"":"""",""comment"":"""",""size"":""964.4765625"",""name"":""flood.png"",""filename"":""fu_yskkffaqgy62pek"",""ext"":""png"" }]","1","3","","3","1 - very easy","","Yellow","1 - very easy","","18","1 - very easy","","09091999","More than three ships.","1 - very easy","","5","","","","1","Number of resources (People, equipment, etc) being deployed at each incident.","4 - Agree","2 - Disagree","4 - Agree","2 - Disagree","4 - Agree","2 - Disagree","4 - Agree","2 - Disagree","4 - Agree","2 - Disagree","2","1 - very little","2","9","1 - very little","4","1 - very little","I think it is a very good system.","Not at the moment","For the first task/questions, I hadn't got a grasp of the options available, which is why i scored it as being hard. Once I found more of the map options, I was able to easily complete the tasks.","1336.61","6.25","","69.56","","","15.58","","","","33.65","","","","","","","","68.12","","34.17","","191.43","","","","380.37","","","","87.16","","","","67.17","","","","58.43","","","","73.98","","","","","65.43","","","","","","","66.24","","31.51","","87.56","","",""
"76","1980-01-01 00:00:00","17","en","145012278","Yes, I wish to continue.","I have to use the RESCUE MATE application to complete tasks.","2","69aa1de4c116eb95cf2e345b","Female","37","ophthalmic tech ","9","4","No, I have not.","","","","","","","5 - very difficult","Not very easy to pin point this down to ""castle on fire""","[{ ""title"":""Flooding screenshot"",""comment"":"""",""size"":""8487.10546875"",""name"":""Screenshot-2026-03-20-at-6.03.23 AM.png"",""filename"":""fu_sigsxwgn2vnk2cj"",""ext"":""png"" }]","1","1 - very easy","","3","3","was not sure which lables were 'gates'","Yellow","2","","17","3","","09091999","Three ships.","2","","4","No, I did not use it.","I did not use MyView.","I did not use MyView.","1","i think a few tasks were not very clear as to what to do but i understand why the instructions were vague, especially if you are pressed for time in an emergency, probbaly just more precise instruction ","4 - Agree","3 - Not Sure","4 - Agree","4 - Agree","4 - Agree","3 - Not Sure","4 - Agree","3 - Not Sure","3 - Not Sure","4 - Agree","2","2","8","8","1 - very little","8","1 - very little","","","","2154.68","69.64","","134.16","","","75.8","","","","215.62","","","","","","228.52","","","","37.3","","262.04","","","","282.8","","","","249.54","","","","134.31","","","","94.62","","","","85.52","","","","","163.68","","","","","","","55.05","","53.38","","12.7","","",""
"77","1980-01-01 00:00:00","17","en","1290774812","Yes, I wish to continue.","I have to use the RESCUE MATE application to complete tasks.","1","6983523de5ca91ff58823247","Male","29","Policeman","4","5","Yes, occasionally.","A GIS is a system for working with maps plus data. Instead of just showing locations like a normal map, GIS lets you analyze and layer information about places.","No, I haven't.","","","","53.54652;10.00168","3","","[{ ""title"":""Castle on fire"",""comment"":"""",""size"":""4692.5107421875"",""name"":""Screenshot-2026-03-20-at-14.59.42.png"",""filename"":""fu_87e5s4gra8wxyej"",""ext"":""png"" }]","1","4","","4","4","","Yellow","4","","17","3","","","More than three ships.","3","","5","","","","1","","5 - Strongly Agree","1 - Strongly Disagree","4 - Agree","1 - Strongly Disagree","5 - Strongly Agree","2 - Disagree","5 - Strongly Agree","2 - Disagree","5 - Strongly Agree","2 - Disagree","8","10 - very much","7","9","1 - very little","6","1 - very little","","","","1396.25","18.17","","77.48","","","16.47","","","","215.07","","","","","","","","77.54","","18.7","","115.62","","","","343.86","","","","99.27","","","","59.86","","","","99.25","","","","37.59","","","","","9.96","","","","","","","166.85","","34.25","","6.31","","",""
"78","1980-01-01 00:00:00","17","en","391656260","Yes, I wish to continue.","I have to use the RESCUE MATE application to complete tasks.","2","5d36e5a972282e0019605fa0","Male","33","polieman","5","4","Yes, occasionally.","","during a rescue operation in the Sudetes","","","","53.658;10.08","4","","[{ ""title"":""flood"",""comment"":""."",""size"":""2171.4853515625"",""name"":""surge.png"",""filename"":""fu_hqkq22iiwedjm24"",""ext"":""png"" }]","1","2","","6","5 - very difficult","","Green","1 - very easy","","18","1 - very easy","","09091999","More than three ships.","1 - very easy","","4","Yes, I used it.","4","3","1","","5 - Strongly Agree","2 - Disagree","3 - Not Sure","1 - Strongly Disagree","5 - Strongly Agree","1 - Strongly Disagree","4 - Agree","2 - Disagree","4 - Agree","5 - Strongly Agree","10 - very much","8","10 - very much","6","1 - very little","8","1 - very little","","","The task with the polder was very difficult to do, there was a lot of information","1469.71","4.56","","58.13","","","24.25","","","","67.41","","","","","","237.95","","","","56.66","","132.57","","","","237.64","","","","161.6","","","","37.75","","","","56.15","","","","63.81","","","","","50.84","","","","","","","25.38","","17.13","","237.88","","",""
"80","1980-01-01 00:00:00","17","en","1114526690","Yes, I wish to continue.","I have to use the RESCUE MATE application to complete tasks.","1","69a5ba3eb3d6488e345c5614","Male","33","Doctor","10","5","Yes, occasionally.","Google maps alerts","I have worked in a military hospital near Suez Canal in 2021 where we had a hurricane and we received multiple trauma patients due to traffic hardships and fast wind throwing objects and bringing down trees over people with splash of dust causing multiple respiratory illnesses visit to our hospital.","","","","53.65316;10.25657","3","","[{ ""title"":""AREA FLOODING"",""comment"":"""",""size"":""387.080078125"",""name"":""Screenshot-2026-03-23-135236.png"",""filename"":""fu_wgyrpx78upq7ys4"",""ext"":""png"" }]","1","3","","3","5 - very difficult","","Green","5 - very difficult","","18","2","","09091999","Three ships.","2","","5","","","","1","I think a search box on the map would be much helpful.","5 - Strongly Agree","1 - Strongly Disagree","4 - Agree","2 - Disagree","5 - Strongly Agree","1 - Strongly Disagree","5 - Strongly Agree","1 - Strongly Disagree","4 - Agree","2 - Disagree","1 - very little","1 - very little","9","9","1 - very little","5","1 - very little","We can add a search box to the map for easy access for non-Germans or people outside EU.","No, it is very thorough.","Just time was a bit little.","2052.49","14.8","","100.72","","","35.85","","","","315.06","","","","","","","","276.74","","125.33","","158.01","","","","249.58","","","","194.09","","","","116.44","","","","72.08","","","","81.77","","","","","85.14","","","","","","","70.55","","57.2","","99.13","","",""
"81","1980-01-01 00:00:00","17","en","1585735275","Yes, I wish to continue.","I have to use the RESCUE MATE application to complete tasks.","1","56b78f11e77ebe000cbefe79","Female","60","Risk Manager in Financial Services","38","3","No, I have not.","","","","","","","5 - very difficult","I couldn't make the search function work so didn't know how to start the task","[{ ""title"":"""",""comment"":"""",""size"":""38.6201171875"",""name"":""1323.png"",""filename"":""fu_jt4xkujr6kf6xxm"",""ext"":""png"" }]","1","5 - very difficult","I struggled with the screenshot - it wasn't where I thought it was","","5 - very difficult","I couldn't work out how to overlay the rescue points onto the Polder location","Yellow","1 - very easy","This was easier as I had already located where the list of Polders was and editing was simple enough","16","1 - very easy","This was easier as I'd already seen professional fire stations in the sidebar","09091999","More than three ships.","3","I was just being stupid how to remove all the other ships from the situation map","2","","","","1","I am a novice for this kind of thing so didn't have any intuitive sense how to 'control' the map. I got there with trial and error at first but the last few were easier when I had started to become familiar with the various sidebars","3 - Not Sure","3 - Not Sure","2 - Disagree","3 - Not Sure","2 - Disagree","2 - Disagree","4 - Agree","3 - Not Sure","1 - Strongly Disagree","4 - Agree","8","1 - very little","9","7","1 - very little","9","8","A bit more of a walk through of the App and a couple of worked examples of finding and inputting information would probably be enough. I am older and don't necessarily find a completely new App intuitive in the way my sons would having worked with so many.","","","2762.33","11.82","","61.17","","","12.63","","","","38.8","","","","","","","","175.04","","18.54","","79.11","","","","1064.39","","","","391.13","","","","92.74","","","","84.2","","","","485.57","","","","","84.72","","","","","","","53.64","","30.65","","78.18","","",""	
"82","1980-01-01 00:00:00","17","en","14905286","Yes, I wish to continue.","I have to use the RESCUE MATE application to complete tasks.","1","69673feba563b483b5ab6799","Male","29","Policeofficer","10","3","No, I have not.","","","","","","","5 - very difficult","","[{ ""title"":"""",""comment"":"""",""size"":""11.2880859375"",""name"":""Unbenannt.PNG"",""filename"":""fu_at2g2fmpn9y9g26"",""ext"":""png"" }]","1","5 - very difficult","Ausgewählte Drop-Downs übernimmt er bei mir nicht immer.","2","5 - very difficult","Es ist unklar, was mit ""Wasserrettungspunkte"" gemeint ist.","Yellow","4","","18","1 - very easy","","09091999","More than three ships.","2","","4","","","","1","Dafür sind die Art und der Umfang der Beschäftigung einfach zu gering, um das adäquat beantworten zu können.","4 - Agree","2 - Disagree","4 - Agree","5 - Strongly Agree","4 - Agree","2 - Disagree","5 - Strongly Agree","2 - Disagree","1 - Strongly Disagree","4 - Agree","8","2","8","5","1 - very little","5","3","Für den Umfang der Anwendung ist dies nicht zu beantworten. Es braucht mehr Zeit.","","","1453.89","7.52","","87.92","","","21.66","","","","50.73","","","","","","","","261.41","","22.41","","220.7","","","","204.12","","","","140.32","","","","127.79","","","","53.56","","","","105.64","","","","","67.17","","","","","","","35.2","","24.24","","23.5","","",""	
"83","1980-01-01 00:00:00","17","en","846984402","Yes, I wish to continue.","I have to use the RESCUE MATE application to complete tasks.","1","5f0c17a7fe3fd800090a0e3e","Male","38","Electical Engineer","12","4","No, I have not.","","","","","","53.48728;10.20734","2","","[{ ""title"":""screenshot of the popup with sidebar visible"",""comment"":"""",""size"":""942.5078125"",""name"":""Screenshot-from-2026-03-23-14-18-20.png"",""filename"":""fu_qx8tbj44bueidwj"",""ext"":""png"" }]","1","3","","4","5 - very difficult","answered 4 just on the end of the timer. it is very difficult to transpose polders with water rescue points because they belong to different views.","Yellow","1 - very easy","","18","3","it would be nice if i could see a list or click to select multiple","09091999","More than three ships.","1 - very easy","","4","","","","1","","4 - Agree","2 - Disagree","4 - Agree","3 - Not Sure","3 - Not Sure","2 - Disagree","4 - Agree","2 - Disagree","4 - Agree","3 - Not Sure","7","1 - very little","6","7","1 - very little","7","3","i found it difficult to transpose the polder information with the water rescue points, especially as i did not know the city","perhaps a satellite view would help for context some times","","1969.29","9.15","","48.74","","","11.63","","","","43","","","","","","","","582.93","","399.7","","111.17","","","","215.8","","","","224.04","","","","58.22","","","","59.86","","","","55","","","","","41.82","","","","","","","27.69","","22.82","","57.72","","",""
"85","1980-01-01 00:00:00","17","en","458856546","Yes, I wish to continue.","I have to use the RESCUE MATE application to complete tasks.","1","5d93bb61ff8ff0001928ef24","Male","53","Chemist","5","3","No, I have not.","","No","","","","53.62275;9.99428","4","","","0","5 - very difficult","I wasn't able to set the emergency notification.","5","4","","I did not complete the task.","5 - very difficult","I found Polder 73 but wasn't able to change the status","10","3","","","More than three ships.","5 - very difficult","I found the ship bit wasn't able to determine the number","2","","","","1","","3 - Not Sure","4 - Agree","2 - Disagree","4 - Agree","2 - Disagree","4 - Agree","2 - Disagree","4 - Agree","2 - Disagree","4 - Agree","9","6","7","3","1 - very little","8","8","","","","1093.06","6.3","","27.21","","","18.41","","","","34.25","","","","","","","","90","","12.2","","112.56","","","","151.1","","","","108.9","","","","153.1","","","","74.08","","","","229.46","","","","","12.58","","","","","","","31.1","","26.33","","5.48","","",""
"86","1980-01-01 00:00:00","17","en","140346184","Yes, I wish to continue.","I have to use the RESCUE MATE application to complete tasks.","1","69b72377cc9f5fa628e6dfbb","Female","40","Health assistant","13","4","Yes, occasionally.","HIFLD for emergency logistics and also Google crisis map.","Have worked as an emergency medical technician during the hurricane  harvey  in 2017 which was moderate.","","","","53.55893;10.03876","5 - very difficult","","[{ ""title"":"""",""comment"":"""",""size"":""500.0029296875"",""name"":""Screenshot-2026-03-23-174149.png"",""filename"":""fu_2z27294ma8j2fas"",""ext"":""png"" }]","1","4","","3000ft","2","","Green","1 - very easy","","13","2","","","More than three ships.","3","","1","","","","1","","5 - Strongly Agree","2 - Disagree","2 - Disagree","5 - Strongly Agree","4 - Agree","3 - Not Sure","3 - Not Sure","5 - Strongly Agree","4 - Agree","5 - Strongly Agree","10 - very much","10 - very much","10 - very much","5","1 - very little","10 - very much","9","Make the navigation tools easy to use.","","Yes,navigation was tricky and need one to go through the crisis map in details with no pressure.","3283.8","74.67","","186.24","","","29.34","","","","594.11","","","","","","","","374.39","","608.38","","210.31","","","","40.19","","","","175.97","","","","110.93","","","","193.02","","","","385.55","","","","","28.79","","","","","","","65.52","","47.18","","159.21","","",""
"87","1980-01-01 00:00:00","17","en","1543165179","Yes, I wish to continue.","I have to use the RESCUE MATE application to complete tasks.","1","60c659a960d88d65a18a1d38","Male","26","Operation Line","2","4","Yes, occasionally.","Green Map","","","","","53.50496;10.10232","4","","[{ ""title"":"""",""comment"":"""",""size"":""352.1875"",""name"":""Captura-de-ecrã-2026-03-23-133320.png"",""filename"":""fu_8tpcuh8zezsmxiz"",""ext"":""png"" }]","1","4","","3","4","","Green","3","","18","2","","09091999","More than three ships.","3","","5","","","","1","","4 - Agree","2 - Disagree","3 - Not Sure","3 - Not Sure","4 - Agree","2 - Disagree","4 - Agree","3 - Not Sure","4 - Agree","3 - Not Sure","9","4","9","6","1 - very little","7","8","","","","1181.5","8.31","","61.3","","","23.26","","","","117.89","","","","","","","","84.12","","25.33","","197.47","","","","250.39","","","","53.09","","","","70.04","","","","73.86","","","","147.81","","","","","10.86","","","","","","","31.24","","22.08","","4.45","","",""
"88","1980-01-01 00:00:00","17","en","2045920970","Yes, I wish to continue.","I have to use the RESCUE MATE application to complete tasks.","1","697f685b24e12aee1bb3f687","Male","39","GRC Analyst","5","5","No, I have not.","","","","","","53.48818;10.20825","1 - very easy","","[{ ""title"":"""",""comment"":"""",""size"":""438.4248046875"",""name"":""2026-03-23-13-43-45-RESCUE-MATE-Brave.png"",""filename"":""fu_rgj6wktp2u8y28w"",""ext"":""png"" }]","1","2","","3","4","It was hard to figure out where exactly polder7 is without switching back and forth","Yellow","1 - very easy","","19","1 - very easy",""," 09091999","More than three ships.","3","","5","","","","1","The ability to have multiple layers at the same time","5 - Strongly Agree","1 - Strongly Disagree","5 - Strongly Agree","1 - Strongly Disagree","5 - Strongly Agree","1 - Strongly Disagree","5 - Strongly Agree","2 - Disagree","5 - Strongly Agree","1 - Strongly Disagree","4","1 - very little","3","1 - very little","1 - very little","2","1 - very little","Being able to use multiple overlays would be very usefull. ","","I had to reload the page to get my Flooding incident Icon to appear","1163.12","4.6","","54.58","","","13.95","","","","31.53","","","","","","","","166.75","","26.56","","81.62","","","","115.94","","","","172.42","","","","50.41","","","","51.82","","","","189.7","","","","","56.28","","","","","","","48.69","","41.05","","57.22","","",""
"89","1980-01-01 00:00:00","17","en","1660763230","Yes, I wish to continue.","I have to use the RESCUE MATE application to complete tasks.","1","60ae242d55af47e7059c9ccf","Male","25","security guard","1","4","No, I have not.","","rationing emergency goods and unloading trucks during flood after a flash flood 2 years ago","","","","53.48583;10.20956","2","","[{ ""title"":""a"",""comment"":""a"",""size"":""847.109375"",""name"":""rescuemate.png"",""filename"":""fu_s6st3bc4thkr835"",""ext"":""png"" }]","1","1 - very easy","","4","4","cant see rescue points at the same time as a polder, which makes it more difficult. Map resets each time i change a layer","Yellow","3","","18","1 - very easy","","-","I never saw any ship icon anywhere at all.","5 - very difficult","","5","","","","1","option to see static info like police depts, etc. without having to turn off polders/incidents view or at least without map jumping to the start point","5 - Strongly Agree","1 - Strongly Disagree","5 - Strongly Agree","1 - Strongly Disagree","5 - Strongly Agree","1 - Strongly Disagree","5 - Strongly Agree","1 - Strongly Disagree","5 - Strongly Agree","1 - Strongly Disagree","5","1 - very little","1 - very little","7","1 - very little","3","6","","","At first I didn't notice the drop down menu on the left. Its functions and existence are not well communicated to the 1st time user, but one I noticed it, everything went smoothly and I would never make the same mistake again.","1572.84","10.01","","59.21","","","12.73","","","","153.82","","","","","","","","66.29","","20.61","","93.17","","","","172.57","","","","201.9","","","","280.6","","","","44.81","","","","131.82","","","","","124.65","","","","","","","41.19","","33.84","","125.62","","",""	
"90","1980-01-01 00:00:00","17","en","1661248356","Yes, I wish to continue.","I have to use the RESCUE MATE application to complete tasks.","1","62b7574f10d88d4f6898f5d6","Female","26","Health Worker","4","4","No, I have not.","","","","","","53.48471;10.20946","2","","[{ ""title"":"""",""comment"":"""",""size"":""292.853515625"",""name"":""Screenshot-2026-03-23-15.02.17.png"",""filename"":""fu_shcmszfz44uy2ae"",""ext"":""png"" }]","1","2","","3","3","","Yellow","3","","18","1 - very easy","","","I never saw any ship icon anywhere at all.","5 - very difficult","Was unable to find the ship","4","","","","1","","4 - Agree","2 - Disagree","3 - Not Sure","4 - Agree","4 - Agree","2 - Disagree","4 - Agree","2 - Disagree","4 - Agree","4 - Agree","7","3","7","7","1 - very little","9","5","","","","1156.77","5.29","","107.97","","","14.54","","","","32.16","","","","","","","","98.09","","13.59","","130.65","","","","113.46","","","","126.06","","","","169.83","","","","33.25","","","","222.49","","","","","9.41","","","","","","","41.68","","24.52","","13.78","","",""
